﻿{
  "APIStatus": {
    "StatusCode": "1",
    "Status": "Success",
    "StatusMessage": "Messages retrieved"
  },
  "Messages": [
    {
      "id": "12345_Kelsey",
      "EOWID": "12345",
      "MessageBody": "Refills have been requested for the following medications:\n\n    Verapamil HCl CR 240 MG oral Tab CR [Robert M Turner]\n    Patient Comment: Please refill this medication and I will pick up at the pharmacy. \n\nPreferred pharmacy: KELSEY PHARMACY-MAIN - HOUSTON, TX - 2727 W HOLCOMBE B1\n",
      "CSN": "3747",
      "Status": "3 - Pend",
      "MessageType": "Rx Auth [32]",
      "MyChartUserId": 50,
      "CDOName": "Kelsey",
      "EHRName": "Epic",
      "DefaultPool": "STAFF [1]",
      "StatusNote": "",
      "Patient": {
        "PatientId": "PIMS-Hypertension-Patient2",
        "MRN": "PIMS-Hypertension-Patient2",
        "EnterpriseId": "E7699843",
        "FHIRID": "eO64FFnPOLNlxZ95DdfRwsB3",
        "Name": "John, Doe"
      },
      "PatientTimeZone": "America/Chicago",
      "Messagesource": "Pharmacy",
      "MsgSubmittedInstant": "2023-11-08T14:55:00",
      "IsPregnant": false,
      "IsBreastFeeding": true,
      "PatientEmailId": "optumpimproject1@gmail.com",
      "PatientCommPref": "Email",
      "AssigningAuthority": "DummyAuthority"
    },
    {
      "id": "12345_Kelsey",
      "EOWID": "12345",
      "MessageBody": "Refills have been requested for the following medications:\n\n    Verapamil HCl CR 240 MG oral Tab CR [Robert M Turner]\n    Patient Comment: Please refill this medication and I will pick up at the pharmacy. \n\nPreferred pharmacy: KELSEY PHARMACY-MAIN - HOUSTON, TX - 2727 W HOLCOMBE B1\n",
      "CSN": "3747",
      "Status": "3 - Pend",
      "MessageType": "Rx Auth [32]",
      "MyChartUserId": 50,
      "CDOName": "Kelsey",
      "EHRName": "Epic",
      "DefaultPool": "STAFF [1]",
      "StatusNote": "",
      "Patient": {
        "PatientId": "PIMS-Hypertension-Patient2",
        "MRN": "PIMS-Hypertension-Patient2",
        "EnterpriseId": "E7699843",
        "FHIRID": "eO64FFnPOLNlxZ95DdfRwsB3",
        "Name": "John, Doe"
      },
      "PatientTimeZone": "America/Chicago",
      "Messagesource": "Pharmacy",
      "MsgSubmittedInstant": "2023-11-08T14:55:00",
      "IsPregnant": false,
      "IsBreastFeeding": true,
      "PatientEmailId": "optumpimproject1@gmail.com",
      "PatientCommPref": "Email",
      "AssigningAuthority": "DummyAuthority"
    },
    {
      "id": "12345_Kelsey",
      "EOWID": "12345",
      "MessageBody": "Refills have been requested for the following medications:\n\n    Verapamil HCl CR 240 MG oral Tab CR [Robert M Turner]\n    Patient Comment: Please refill this medication and I will pick up at the pharmacy. \n\nPreferred pharmacy: KELSEY PHARMACY-MAIN - HOUSTON, TX - 2727 W HOLCOMBE B1\n",
      "CSN": "3747",
      "Status": "3 - Pend",
      "MessageType": "Rx Auth [32]",
      "MyChartUserId": 50,
      "CDOName": "Kelsey",
      "EHRName": "Epic",
      "DefaultPool": "STAFF [1]",
      "StatusNote": "",
      "Patient": {
        "PatientId": "PIMS-Hypertension-Patient2",
        "MRN": "PIMS-Hypertension-Patient2",
        "EnterpriseId": "E7699843",
        "FHIRID": "eO64FFnPOLNlxZ95DdfRwsB3",
        "Name": "John, Doe"
      },
      "PatientTimeZone": "America/Chicago",
      "Messagesource": "Pharmacy",
      "MsgSubmittedInstant": "2023-11-08T14:55:00",
      "IsPregnant": false,
      "IsBreastFeeding": true,
      "PatientEmailId": "optumpimproject1@gmail.com",
      "PatientCommPref": "Email",
      "AssigningAuthority": "DummyAuthority"
    }
  ]
}