﻿{
  "resourceType": "Bundle",
  "id": "b96e53ece1721195a29a6438c956d044",
  "meta": {
    "lastUpdated": "2023-11-30T19:46:23.8763338+00:00"
  },
  "type": "searchset",
  "link": [
    {
      "relation": "next",
      "url": "https://optum-fhirserver-dev.azurehealthcareapis.com/Patient/erXuFYUfucBZaryVksYEcMg3/$everything?_type=Patient,MedicationRequest&ct=er97f5lRTbVSQEZicaqSlaGOkmdeSWpRXmKOc35eSWZeaWJJZn5eSH52ap6SVV5pTo6OknNpUVFqXklwaqpjTnG%2BT2ZetmcKTC4gESQVkFiSmZpXEpZaVJyZnweSVTJVqgUAAAD%2F%2Fw%3D%3D"
    },
    {
      "relation": "self",
      "url": "https://optum-fhirserver-dev.azurehealthcareapis.com/Patient/erXuFYUfucBZaryVksYEcMg3/$everything?_type=Patient,MedicationRequest"
    }
  ],
  "entry": [
    {
      "fullUrl": "https://optum-fhirserver-dev.azurehealthcareapis.com/Patient/erXuFYUfucBZaryVksYEcMg3",
      "resource": {
        "resourceType": "Patient",
        "id": "erXuFYUfucBZaryVksYEcMg3",
        "meta": {
          "versionId": "5",
          "lastUpdated": "2023-11-23T09:50:18.309+00:00"
        },
        "extension": [
          {
            "url": "http://open.epic.com/FHIR/StructureDefinition/extension/legal-sex",
            "valueCodeableConcept": {
              "coding": [
                {
                  "system": "urn:oid:1.2.840.114350.1.13.0.1.7.10.698084.130.657370.19999000",
                  "code": "female",
                  "display": "female"
                }
              ]
            }
          },
          {
            "url": "http://open.epic.com/FHIR/StructureDefinition/extension/sex-for-clinical-use",
            "valueCodeableConcept": {
              "coding": [
                {
                  "system": "urn:oid:1.2.840.114350.1.13.0.1.7.10.698084.130.657370.19999000",
                  "code": "female",
                  "display": "female"
                }
              ]
            }
          },
          {
            "extension": [
              {
                "url": "ombCategory",
                "valueCoding": {
                  "system": "urn:oid:2.16.840.1.113883.6.238",
                  "code": "2131-1",
                  "display": "Other Race"
                }
              },
              {
                "url": "text",
                "valueString": "Other"
              }
            ],
            "url": "http://hl7.org/fhir/us/core/StructureDefinition/us-core-race"
          },
          {
            "extension": [
              {
                "url": "text",
                "valueString": "Unknown"
              }
            ],
            "url": "http://hl7.org/fhir/us/core/StructureDefinition/us-core-ethnicity"
          },
          {
            "url": "http://open.epic.com/FHIR/StructureDefinition/extension/calculated-pronouns-to-use-for-text",
            "valueCodeableConcept": {
              "coding": [
                {
                  "system": "http://loinc.org",
                  "code": "LA29519-8",
                  "display": "she/her/her/hers/herself"
                }
              ]
            }
          }
        ],
        "identifier": [
          {
            "use": "usual",
            "type": {
              "text": "EPIC"
            },
            "system": "urn:oid:1.2.840.114350.1.13.0.1.7.5.737384.0",
            "value": "E4007"
          },
          {
            "use": "usual",
            "type": {
              "text": "EXTERNAL"
            },
            "system": "urn:oid:1.2.840.114350.1.13.0.1.7.2.698084",
            "value": "Z6129"
          },
          {
            "use": "usual",
            "type": {
              "text": "FHIR"
            },
            "system": "http://open.epic.com/FHIR/StructureDefinition/patient-dstu2-fhir-id",
            "value": "TnOZ.elPXC6zcBNFMcFA7A5KZbYxo2.4T-LylRk4GoW4B"
          },
          {
            "use": "usual",
            "type": {
              "text": "FHIR STU3"
            },
            "system": "http://open.epic.com/FHIR/StructureDefinition/patient-fhir-id",
            "value": "erXuFYUfucBZaryVksYEcMg3"
          },
          {
            "use": "usual",
            "type": {
              "text": "INTERNAL"
            },
            "system": "urn:oid:1.2.840.114350.1.13.0.1.7.2.698084",
            "value": "Z6129"
          },
          {
            "use": "usual",
            "type": {
              "text": "EPI"
            },
            "system": "urn:oid:1.2.840.114350.1.13.0.1.7.5.737384.14",
            "value": "203713"
          },
          {
            "use": "usual",
            "type": {
              "text": "MYCHARTLOGIN"
            },
            "system": "urn:oid:1.2.840.114350.1.13.0.1.7.3.878082.110",
            "value": "FHIRCAMILA"
          },
          {
            "use": "usual",
            "type": {
              "text": "WPRINTERNAL"
            },
            "system": "urn:oid:1.2.840.114350.1.13.0.1.7.2.878082",
            "value": "736"
          },
          {
            "system": "EOW",
            "value": "12345"
          },
          {
            "system": "CDO",
            "value": "Kelsey"
          },
          {
            "system": "PatientMRN",
            "value": "erXuFYUfucBZaryVksYEcMg3"
          }
        ],
        "active": true,
        "name": [
          {
            "use": "official",
            "text": "Camila Maria Lopez",
            "family": "Lopez",
            "given": [
              "Camila",
              "Maria"
            ]
          },
          {
            "use": "usual",
            "text": "Camila Maria Lopez",
            "family": "Lopez",
            "given": [
              "Camila",
              "Maria"
            ]
          }
        ],
        "telecom": [
          {
            "system": "phone",
            "value": "469-555-5555",
            "use": "home"
          },
          {
            "system": "phone",
            "value": "469-888-8888",
            "use": "work"
          },
          {
            "system": "email",
            "value": "knixontestemail@epic.com",
            "rank": 1
          }
        ],
        "gender": "female",
        "birthDate": "1987-09-12",
        "deceasedBoolean": false,
        "address": [
          {
            "use": "home",
            "line": [
              "3268 West Johnson St.",
              "Apt 117"
            ],
            "city": "GARLAND",
            "district": "DALLAS",
            "state": "TX",
            "postalCode": "75043",
            "country": "US",
            "period": {
              "start": "2019-05-24"
            }
          },
          {
            "use": "old",
            "line": [
              "3268 West Johnson St.",
              "Apt 117"
            ],
            "city": "GARLAND",
            "district": "DALLAS",
            "state": "TX",
            "postalCode": "75043",
            "country": "US"
          }
        ],
        "maritalStatus": {
          "text": "Married"
        },
        "communication": [
          {
            "language": {
              "coding": [
                {
                  "system": "urn:ietf:bcp:47",
                  "code": "en",
                  "display": "English"
                }
              ],
              "text": "English"
            },
            "preferred": true
          }
        ],
        "generalPractitioner": [
          {
            "reference": "Practitioner/eM5CWtq15N0WJeuCet5bJlQ3",
            "type": "Practitioner",
            "display": "Physician Family Medicine, MD"
          }
        ],
        "managingOrganization": {
          "reference": "Organization/enRyWnSP963FYDpoks4NHOA3",
          "display": "Epic Hospital System"
        }
      },
      "search": {
        "mode": "match"
      }
    },
    {
      "fullUrl": "https://optum-fhirserver-dev.azurehealthcareapis.com/MedicationRequest/ePDJ.zsf3Jfg2.MKkAMgW9EcIbsaiB.y-OTrPS5v2h8Q3",
      "resource": {
        "resourceType": "MedicationRequest",
        "id": "ePDJ.zsf3Jfg2.MKkAMgW9EcIbsaiB.y-OTrPS5v2h8Q3",
        "meta": {
          "versionId": "1",
          "lastUpdated": "2023-11-28T08:16:41.435+00:00"
        },
        "identifier": [
          {
            "use": "usual",
            "system": "urn:oid:1.2.840.114350.1.13.0.1.7.2.798268",
            "value": "1066899"
          },
          {
            "system": "EOW",
            "value": "12345"
          },
          {
            "system": "CDO",
            "value": "Kelsey"
          },
          {
            "system": "PatientMRN",
            "value": "erXuFYUfucBZaryVksYEcMg3"
          }
        ],
        "status": "active",
        "intent": "order",
        "category": [
          {
            "coding": [
              {
                "system": "http://terminology.hl7.org/CodeSystem/medicationrequest-category",
                "code": "community",
                "display": "Community"
              }
            ],
            "text": "Community"
          }
        ],
        "medicationCodeableConcept": {
          "coding": [
            {
              "system": "urn:oid:2.16.840.1.113883.6.253",
              "code": "100899"
            },
            {
              "system": "urn:oid:2.16.840.1.113883.6.68",
              "code": "25990002150316"
            },
            {
              "system": "urn:oid:2.16.840.1.113883.6.162",
              "code": "49431"
            },
            {
              "system": "http://www.nlm.nih.gov/research/umls/rxnorm",
              "code": "4124"
            },
            {
              "system": "http://www.nlm.nih.gov/research/umls/rxnorm",
              "code": "11636"
            },
            {
              "system": "http://www.nlm.nih.gov/research/umls/rxnorm",
              "code": "630734"
            },
            {
              "system": "http://www.nlm.nih.gov/research/umls/rxnorm",
              "code": "748794"
            },
            {
              "system": "http://www.nlm.nih.gov/research/umls/rxnorm",
              "code": "748798"
            },
            {
              "system": "http://www.nlm.nih.gov/research/umls/rxnorm",
              "code": "840781"
            }
          ],
          "text": "drospirenone-ethinyl estradiol (YAZ,GIANVI) tablet 3-0.02 mg"
        },
        "subject": {
          "reference": "https://optum-fhirserver-dev.azurehealthcareapis.com/Patient/erXuFYUfucBZaryVksYEcMg3"
        },
        "encounter": {
          "reference": "Encounter/elMz2mwjsRvKnZiR.0ceTUg3",
          "identifier": {
            "use": "usual",
            "system": "urn:oid:1.2.840.114350.1.13.0.1.7.3.698084.8",
            "value": "27558"
          },
          "display": "Office Visit"
        },
        "authoredOn": "2019-05-28",
        "requester": {
          "reference": "Practitioner/eM5CWtq15N0WJeuCet5bJlQ3",
          "type": "Practitioner",
          "display": "Physician Family Medicine, MD"
        },
        "recorder": {
          "reference": "Practitioner/eM5CWtq15N0WJeuCet5bJlQ3",
          "type": "Practitioner",
          "display": "Physician Family Medicine, MD"
        },
        "reasonCode": [
          {
            "coding": [
              {
                "system": "http://snomed.info/sct",
                "code": "69878008",
                "display": "Polycystic ovaries (disorder)"
              },
              {
                "system": "http://hl7.org/fhir/sid/icd-9-cm/diagnosis",
                "code": "256.4",
                "display": "PCOS (polycystic ovarian syndrome)"
              },
              {
                "system": "http://hl7.org/fhir/sid/icd-10-cm",
                "code": "E28.2",
                "display": "PCOS (polycystic ovarian syndrome)"
              }
            ],
            "text": "PCOS (polycystic ovarian syndrome)"
          }
        ],
        "courseOfTherapyType": {
          "coding": [
            {
              "system": "http://terminology.hl7.org/CodeSystem/medicationrequest-course-of-therapy",
              "code": "continuous",
              "display": "Continuous long term therapy"
            }
          ],
          "text": "Continuous long term therapy"
        },
        "dosageInstruction": [
          {
            "text": "Take 1 tablet by mouth 1 (one) time each day., Starting Tue 5/28/2019, Until Wed 5/27/2020, Normal",
            "patientInstruction": "Take 1 tablet by mouth 1 (one) time each day.",
            "timing": {
              "repeat": {
                "boundsPeriod": {
                  "start": "2019-05-28"
                },
                "count": 365,
                "timeOfDay": [
                  "09:00:00"
                ]
              },
              "code": {
                "text": "0900"
              }
            },
            "asNeededBoolean": false,
            "route": {
              "coding": [
                {
                  "system": "http://snomed.info/sct",
                  "code": "260548002",
                  "display": "Oral (qualifier value)"
                },
                {
                  "system": "urn:oid:1.2.840.114350.1.13.0.1.7.4.798268.7025",
                  "code": "15",
                  "display": "Oral"
                }
              ],
              "text": "Oral"
            },
            "method": {
              "coding": [
                {
                  "system": "http://snomed.info/sct",
                  "code": "419652001",
                  "display": "Take"
                }
              ],
              "text": "Take"
            },
            "doseAndRate": [
              {
                "type": {
                  "coding": [
                    {
                      "system": "http://epic.com/CodeSystem/dose-rate-type",
                      "code": "calculated",
                      "display": "calculated"
                    }
                  ],
                  "text": "calculated"
                },
                "doseQuantity": {
                  "value": 1,
                  "unit": "tablet",
                  "system": "http://unitsofmeasure.org",
                  "code": "{tbl}"
                }
              },
              {
                "type": {
                  "coding": [
                    {
                      "system": "http://epic.com/CodeSystem/dose-rate-type",
                      "code": "admin-amount",
                      "display": "admin-amount"
                    }
                  ],
                  "text": "admin-amount"
                },
                "doseQuantity": {
                  "value": 1,
                  "unit": "tablet",
                  "system": "http://unitsofmeasure.org",
                  "code": "{tbl}"
                }
              },
              {
                "type": {
                  "coding": [
                    {
                      "system": "http://epic.com/CodeSystem/dose-rate-type",
                      "code": "ordered",
                      "display": "ordered"
                    }
                  ],
                  "text": "ordered"
                },
                "doseQuantity": {
                  "value": 1,
                  "unit": "tablet",
                  "system": "http://unitsofmeasure.org",
                  "code": "{tbl}"
                }
              }
            ]
          }
        ],
        "dispenseRequest": {
          "validityPeriod": {
            "start": "2019-05-28"
          },
          "numberOfRepeatsAllowed": 12,
          "quantity": {
            "value": 28,
            "unit": "tablet"
          },
          "expectedSupplyDuration": {
            "value": 28,
            "unit": "Day",
            "system": "http://unitsofmeasure.org",
            "code": "d"
          }
        }
      },
      "search": {
        "mode": "match"
      }
    }
  ]
}