﻿[
    {
        "getclinicalsummaryinfo": [
            {
                "XMLDetail": "<extra><lastassessed value=\"May  1 2023  4:34PM\"/><status value=\"Active\" /><recorded value=\"May  1 2023  4:34PM\" /><lastedited value=\"May  1 2023  4:34PM\" /><managedby value=\"jmedici\" /><identifiedby value=\"jmedici\" /><Snomed value=\"372310001\" /><ICD10 value=\"G83.9\" /><ICD9 value=\"344.9     \" /><lastassessedby value=\"jmedici\" /><problemtype value=\"Chronic\" /></extra>",
                "detail": "Spinal paralysis (344.9 G83.9), Managed by: Medicine, James",
                "code": "346906",
                "transid": "55420400017",
                "status": "Active",
                "entrycode": "1518700",
                "description": "Spinal paralysis",
                "section": "problems",
                "displaydate": "01-May-2023"
            },
            {
                "XMLDetail": "<extra><lastassessed value=\"Apr 28 2023 12:43PM\"/><status value=\"Active\" /><recorded value=\"Apr 28 2023 12:43PM\" /><lastedited value=\"Apr 28 2023 12:43PM\" /><Snomed value=\"305058001\" /><ICD10 value=\"Z00.00\" /><ICD9 value=\"V70.0     \" /><lastassessedby value=\"jmedici\" /><problemtype value=\"Chronic\" /></extra>",
                "detail": "Health Maintenance ",
                "code": "346870",
                "transid": "55416200000",
                "status": "",
                "entrycode": "1518559",
                "description": "Health Maintenance ",
                "section": "problems",
                "displaydate": "28-Apr-2023"
            }
        ]
    }
]