﻿[
    {
        "getencounterlistinfo": [
            {
                "PerformingProviderID": "10123",
                "appointmenttype": "",
                "EncounterType": "Form Encounter",
                "ApptNumberEXT": "",
                "ID": "268220",
                "DTTM": "6/15/2022 12:44:00 PM",
                "patientid": "10100",
                "ApptComment": "",
                "BillingAreade": "0",
                "PerformingProviderName": "Medicine, James",
                "ProviderSpecialty": "Family Medicine",
                "ComplianceCodeDE": "0",
                "isChargeableFLAG": "N",
                "IsLockedFlag": "N",
                "billingarea": "",
                "ComplianceCodeName": "",
                "divisionde": "0",
                "UserName": "jmedici",
                "VisitNumberEXT": "v202528",
                "ProviderSecondarySpecialty": "Internal Medicine",
                "ReferringProviderName": "",
                "DefaultBillingLocationDE": "0",
                "visittype": " ",
                "ProviderID": "10123",
                "BillingProviderName": "Medicine,James",
                "VisitID": "202528",
                "ChargeSubmitStatus": "No",
                "ReferringProviderID": "0",
                "ProviderNPI": "0000000010",
                "problems": "",
                "appointmentstatus": "",
                "ProviderCode": "0000            ",
                "DefaultBillingLocation": "",
                "department": "",
                "division": "",
                "EncounterTypeCode": "FORM      "
            },
            {
                "PerformingProviderID": "10123",
                "appointmenttype": "",
                "EncounterType": "Form Encounter",
                "ApptNumberEXT": "",
                "ID": "268212",
                "DTTM": "6/13/2022 1:03:00 AM",
                "patientid": "10100",
                "ApptComment": "",
                "BillingAreade": "0",
                "PerformingProviderName": "Medicine, James",
                "ProviderSpecialty": "Family Medicine",
                "ComplianceCodeDE": "0",
                "isChargeableFLAG": "N",
                "IsLockedFlag": "N",
                "billingarea": "",
                "ComplianceCodeName": "",
                "divisionde": "0",
                "UserName": "jmedici",
                "VisitNumberEXT": "v202520",
                "ProviderSecondarySpecialty": "Internal Medicine",
                "ReferringProviderName": "",
                "DefaultBillingLocationDE": "0",
                "visittype": " ",
                "ProviderID": "10123",
                "BillingProviderName": "Medicine,James",
                "VisitID": "202520",
                "ChargeSubmitStatus": "No",
                "ReferringProviderID": "0",
                "ProviderNPI": "0000000010",
                "problems": "",
                "appointmentstatus": "",
                "ProviderCode": "0000            ",
                "DefaultBillingLocation": "",
                "department": "",
                "division": "",
                "EncounterTypeCode": "FORM      "
            },
            {
                "PerformingProviderID": "10123",
                "appointmenttype": "",
                "EncounterType": "Non-Appointment",
                "ApptNumberEXT": "",
                "ID": "268203",
                "DTTM": "6/3/2022 11:33:00 AM",
                "patientid": "10100",
                "ApptComment": "",
                "BillingAreade": "0",
                "PerformingProviderName": "Medicine, James",
                "ProviderSpecialty": "Family Medicine",
                "ComplianceCodeDE": "0",
                "isChargeableFLAG": "Y",
                "IsLockedFlag": "N",
                "billingarea": "",
                "ComplianceCodeName": "",
                "divisionde": "0",
                "UserName": "jmedici",
                "VisitNumberEXT": "v202511",
                "ProviderSecondarySpecialty": "Internal Medicine",
                "ReferringProviderName": "",
                "DefaultBillingLocationDE": "0",
                "visittype": " ",
                "ProviderID": "10123",
                "BillingProviderName": "Medicine,James",
                "VisitID": "202511",
                "ChargeSubmitStatus": "No",
                "ReferringProviderID": "0",
                "ProviderNPI": "0000000010",
                "problems": "",
                "appointmentstatus": "",
                "ProviderCode": "0000            ",
                "DefaultBillingLocation": "",
                "department": "",
                "division": "",
                "EncounterTypeCode": "NonAppt   "
            },
            {
                "PerformingProviderID": "10123",
                "appointmenttype": "",
                "EncounterType": "Non-Appointment",
                "ApptNumberEXT": "",
                "ID": "267506",
                "DTTM": "5/30/2022 8:21:23 AM",
                "patientid": "10100",
                "ApptComment": "",
                "BillingAreade": "0",
                "PerformingProviderName": "Medicine, James",
                "ProviderSpecialty": "Family Medicine",
                "ComplianceCodeDE": "0",
                "isChargeableFLAG": "Y",
                "IsLockedFlag": "N",
                "billingarea": "",
                "ComplianceCodeName": "",
                "divisionde": "0",
                "UserName": "jmedici",
                "VisitNumberEXT": "v202377",
                "ProviderSecondarySpecialty": "Internal Medicine",
                "ReferringProviderName": "",
                "DefaultBillingLocationDE": "0",
                "visittype": " ",
                "ProviderID": "10123",
                "BillingProviderName": "Medicine,James",
                "VisitID": "202377",
                "ChargeSubmitStatus": "No",
                "ReferringProviderID": "0",
                "ProviderNPI": "0000000010",
                "problems": "",
                "appointmentstatus": "",
                "ProviderCode": "0000            ",
                "DefaultBillingLocation": "",
                "department": "",
                "division": "",
                "EncounterTypeCode": "NonAppt   "
            },
            {
                "PerformingProviderID": "10123",
                "appointmenttype": "",
                "EncounterType": "Chart Update",
                "ApptNumberEXT": "",
                "ID": "264720",
                "DTTM": "10/1/2021 12:46:00 PM",
                "patientid": "10100",
                "ApptComment": "",
                "BillingAreade": "0",
                "PerformingProviderName": "Medicine, James",
                "ProviderSpecialty": "Family Medicine",
                "ComplianceCodeDE": "0",
                "isChargeableFLAG": "Y",
                "IsLockedFlag": "N",
                "billingarea": "",
                "ComplianceCodeName": "",
                "divisionde": "0",
                "UserName": "jmedici",
                "VisitNumberEXT": "v201274",
                "ProviderSecondarySpecialty": "Internal Medicine",
                "ReferringProviderName": "",
                "DefaultBillingLocationDE": "0",
                "visittype": " ",
                "ProviderID": "10123",
                "BillingProviderName": "Medicine,James",
                "VisitID": "201274",
                "ChargeSubmitStatus": "No",
                "ReferringProviderID": "0",
                "ProviderNPI": "0000000010",
                "problems": "",
                "appointmentstatus": "",
                "ProviderCode": "0000            ",
                "DefaultBillingLocation": "",
                "department": "",
                "division": "",
                "EncounterTypeCode": "ChartUpd  "
            },
            {
                "PerformingProviderID": "10123",
                "appointmenttype": "",
                "EncounterType": "Chart Update",
                "ApptNumberEXT": "",
                "ID": "264719",
                "DTTM": "10/1/2021 12:39:14 PM",
                "patientid": "10100",
                "ApptComment": "",
                "BillingAreade": "0",
                "PerformingProviderName": "Medicine, James",
                "ProviderSpecialty": "Family Medicine",
                "ComplianceCodeDE": "0",
                "isChargeableFLAG": "Y",
                "IsLockedFlag": "N",
                "billingarea": "",
                "ComplianceCodeName": "",
                "divisionde": "0",
                "UserName": "jmedici",
                "VisitNumberEXT": "v201274",
                "ProviderSecondarySpecialty": "Internal Medicine",
                "ReferringProviderName": "",
                "DefaultBillingLocationDE": "0",
                "visittype": " ",
                "ProviderID": "10123",
                "BillingProviderName": "Medicine,James",
                "VisitID": "201274",
                "ChargeSubmitStatus": "No",
                "ReferringProviderID": "0",
                "ProviderNPI": "0000000010",
                "problems": "",
                "appointmentstatus": "",
                "ProviderCode": "0000            ",
                "DefaultBillingLocation": "",
                "department": "",
                "division": "",
                "EncounterTypeCode": "ChartUpd  "
            },
            {
                "PerformingProviderID": "10123",
                "appointmenttype": "",
                "EncounterType": "Chart Update",
                "ApptNumberEXT": "",
                "ID": "264718",
                "DTTM": "10/1/2021 12:38:18 PM",
                "patientid": "10100",
                "ApptComment": "",
                "BillingAreade": "0",
                "PerformingProviderName": "Medicine, James",
                "ProviderSpecialty": "Family Medicine",
                "ComplianceCodeDE": "0",
                "isChargeableFLAG": "Y",
                "IsLockedFlag": "N",
                "billingarea": "",
                "ComplianceCodeName": "",
                "divisionde": "0",
                "UserName": "jmedici",
                "VisitNumberEXT": "v201274",
                "ProviderSecondarySpecialty": "Internal Medicine",
                "ReferringProviderName": "",
                "DefaultBillingLocationDE": "0",
                "visittype": " ",
                "ProviderID": "10123",
                "BillingProviderName": "Medicine,James",
                "VisitID": "201274",
                "ChargeSubmitStatus": "No",
                "ReferringProviderID": "0",
                "ProviderNPI": "0000000010",
                "problems": "",
                "appointmentstatus": "",
                "ProviderCode": "0000            ",
                "DefaultBillingLocation": "",
                "department": "",
                "division": "",
                "EncounterTypeCode": "ChartUpd  "
            },
            {
                "PerformingProviderID": "10123",
                "appointmenttype": "",
                "EncounterType": "Non-Appointment",
                "ApptNumberEXT": "",
                "ID": "264616",
                "DTTM": "9/24/2021 12:41:00 PM",
                "patientid": "10100",
                "ApptComment": "",
                "BillingAreade": "0",
                "PerformingProviderName": "Medicine, James",
                "ProviderSpecialty": "Family Medicine",
                "ComplianceCodeDE": "0",
                "isChargeableFLAG": "Y",
                "IsLockedFlag": "N",
                "billingarea": "",
                "ComplianceCodeName": "",
                "divisionde": "0",
                "UserName": "jmedici",
                "VisitNumberEXT": "v201221",
                "ProviderSecondarySpecialty": "Internal Medicine",
                "ReferringProviderName": "",
                "DefaultBillingLocationDE": "0",
                "visittype": " ",
                "ProviderID": "10123",
                "BillingProviderName": "Medicine,James",
                "VisitID": "201221",
                "ChargeSubmitStatus": "No",
                "ReferringProviderID": "0",
                "ProviderNPI": "0000000010",
                "problems": "",
                "appointmentstatus": "",
                "ProviderCode": "0000            ",
                "DefaultBillingLocation": "",
                "department": "",
                "division": "",
                "EncounterTypeCode": "NonAppt   "
            },
            {
                "PerformingProviderID": "10123",
                "appointmenttype": "",
                "EncounterType": "Non-Appointment",
                "ApptNumberEXT": "",
                "ID": "263771",
                "DTTM": "9/15/2021 12:00:37 PM",
                "patientid": "10100",
                "ApptComment": "",
                "BillingAreade": "0",
                "PerformingProviderName": "Medicine, James",
                "ProviderSpecialty": "Family Medicine",
                "ComplianceCodeDE": "0",
                "isChargeableFLAG": "Y",
                "IsLockedFlag": "N",
                "billingarea": "",
                "ComplianceCodeName": "",
                "divisionde": "0",
                "UserName": "jmedici",
                "VisitNumberEXT": "v201156",
                "ProviderSecondarySpecialty": "Internal Medicine",
                "ReferringProviderName": "",
                "DefaultBillingLocationDE": "0",
                "visittype": " ",
                "ProviderID": "10123",
                "BillingProviderName": "Medicine,James",
                "VisitID": "201156",
                "ChargeSubmitStatus": "No",
                "ReferringProviderID": "0",
                "ProviderNPI": "0000000010",
                "problems": "",
                "appointmentstatus": "",
                "ProviderCode": "0000            ",
                "DefaultBillingLocation": "",
                "department": "",
                "division": "",
                "EncounterTypeCode": "NonAppt   "
            },
            {
                "PerformingProviderID": "10123",
                "appointmenttype": "",
                "EncounterType": "Image Encounter",
                "ApptNumberEXT": "",
                "ID": "263782",
                "DTTM": "9/15/2021 1:19:00 AM",
                "patientid": "10100",
                "ApptComment": "",
                "BillingAreade": "0",
                "PerformingProviderName": "Medicine, James",
                "ProviderSpecialty": "Family Medicine",
                "ComplianceCodeDE": "0",
                "isChargeableFLAG": "N",
                "IsLockedFlag": "N",
                "billingarea": "",
                "ComplianceCodeName": "",
                "divisionde": "0",
                "UserName": "jmedici",
                "VisitNumberEXT": "v201156",
                "ProviderSecondarySpecialty": "Internal Medicine",
                "ReferringProviderName": "",
                "DefaultBillingLocationDE": "0",
                "visittype": " ",
                "ProviderID": "10123",
                "BillingProviderName": "Medicine,James",
                "VisitID": "201156",
                "ChargeSubmitStatus": "No",
                "ReferringProviderID": "0",
                "ProviderNPI": "0000000010",
                "problems": "",
                "appointmentstatus": "",
                "ProviderCode": "0000            ",
                "DefaultBillingLocation": "",
                "department": "",
                "division": "",
                "EncounterTypeCode": "IMAGE     "
            },
            {
                "PerformingProviderID": "10123",
                "appointmenttype": "",
                "EncounterType": "Non-Appointment",
                "ApptNumberEXT": "",
                "ID": "263605",
                "DTTM": "9/14/2021 12:35:00 PM",
                "patientid": "10100",
                "ApptComment": "",
                "BillingAreade": "0",
                "PerformingProviderName": "Medicine, James",
                "ProviderSpecialty": "Family Medicine",
                "ComplianceCodeDE": "0",
                "isChargeableFLAG": "Y",
                "IsLockedFlag": "N",
                "billingarea": "",
                "ComplianceCodeName": "",
                "divisionde": "0",
                "UserName": "jmedici",
                "VisitNumberEXT": "v201145",
                "ProviderSecondarySpecialty": "Internal Medicine",
                "ReferringProviderName": "",
                "DefaultBillingLocationDE": "0",
                "visittype": " ",
                "ProviderID": "10123",
                "BillingProviderName": "Medicine,James",
                "VisitID": "201145",
                "ChargeSubmitStatus": "No",
                "ReferringProviderID": "0",
                "ProviderNPI": "0000000010",
                "problems": "",
                "appointmentstatus": "",
                "ProviderCode": "0000            ",
                "DefaultBillingLocation": "",
                "department": "",
                "division": "",
                "EncounterTypeCode": "NonAppt   "
            },
            {
                "PerformingProviderID": "0",
                "appointmenttype": "",
                "EncounterType": "Chart Update",
                "ApptNumberEXT": "",
                "ID": "263265",
                "DTTM": "9/10/2021 4:09:46 PM",
                "patientid": "10100",
                "ApptComment": "",
                "BillingAreade": "0",
                "PerformingProviderName": "",
                "ProviderSpecialty": " ",
                "ComplianceCodeDE": "0",
                "isChargeableFLAG": "Y",
                "IsLockedFlag": "N",
                "billingarea": "",
                "ComplianceCodeName": "",
                "divisionde": "0",
                "UserName": " ",
                "VisitNumberEXT": "v201111",
                "ProviderSecondarySpecialty": "",
                "ReferringProviderName": "",
                "DefaultBillingLocationDE": "0",
                "visittype": " ",
                "ProviderID": "0",
                "BillingProviderName": " ",
                "VisitID": "201111",
                "ChargeSubmitStatus": "No",
                "ReferringProviderID": "0",
                "ProviderNPI": "",
                "problems": "",
                "appointmentstatus": "",
                "ProviderCode": "                ",
                "DefaultBillingLocation": "",
                "department": "",
                "division": "",
                "EncounterTypeCode": "ChartUpd  "
            },
            {
                "PerformingProviderID": "10123",
                "appointmenttype": "",
                "EncounterType": "Non-Appointment",
                "ApptNumberEXT": "",
                "ID": "263258",
                "DTTM": "9/10/2021 3:53:00 PM",
                "patientid": "10100",
                "ApptComment": "",
                "BillingAreade": "0",
                "PerformingProviderName": "Medicine, James",
                "ProviderSpecialty": "Family Medicine",
                "ComplianceCodeDE": "0",
                "isChargeableFLAG": "Y",
                "IsLockedFlag": "N",
                "billingarea": "",
                "ComplianceCodeName": "",
                "divisionde": "0",
                "UserName": "jmedici",
                "VisitNumberEXT": "v201111",
                "ProviderSecondarySpecialty": "Internal Medicine",
                "ReferringProviderName": "",
                "DefaultBillingLocationDE": "0",
                "visittype": " ",
                "ProviderID": "10123",
                "BillingProviderName": "Medicine,James",
                "VisitID": "201111",
                "ChargeSubmitStatus": "No",
                "ReferringProviderID": "0",
                "ProviderNPI": "0000000010",
                "problems": "",
                "appointmentstatus": "",
                "ProviderCode": "0000            ",
                "DefaultBillingLocation": "",
                "department": "",
                "division": "",
                "EncounterTypeCode": "NonAppt   "
            },
            {
                "PerformingProviderID": "10123",
                "appointmenttype": "",
                "EncounterType": "Non-Appointment",
                "ApptNumberEXT": "",
                "ID": "263104",
                "DTTM": "9/7/2021 4:47:00 PM",
                "patientid": "10100",
                "ApptComment": "",
                "BillingAreade": "0",
                "PerformingProviderName": "Medicine, James",
                "ProviderSpecialty": "Family Medicine",
                "ComplianceCodeDE": "0",
                "isChargeableFLAG": "Y",
                "IsLockedFlag": "N",
                "billingarea": "",
                "ComplianceCodeName": "",
                "divisionde": "0",
                "UserName": "jmedici",
                "VisitNumberEXT": "v201087",
                "ProviderSecondarySpecialty": "Internal Medicine",
                "ReferringProviderName": "",
                "DefaultBillingLocationDE": "0",
                "visittype": " ",
                "ProviderID": "10123",
                "BillingProviderName": "Medicine,James",
                "VisitID": "201087",
                "ChargeSubmitStatus": "No",
                "ReferringProviderID": "0",
                "ProviderNPI": "0000000010",
                "problems": "",
                "appointmentstatus": "",
                "ProviderCode": "0000            ",
                "DefaultBillingLocation": "",
                "department": "",
                "division": "",
                "EncounterTypeCode": "NonAppt   "
            },
            {
                "PerformingProviderID": "10123",
                "appointmenttype": "",
                "EncounterType": "Non-Appointment",
                "ApptNumberEXT": "",
                "ID": "263018",
                "DTTM": "8/31/2021 10:12:00 AM",
                "patientid": "10100",
                "ApptComment": "",
                "BillingAreade": "0",
                "PerformingProviderName": "Medicine, James",
                "ProviderSpecialty": "Family Medicine",
                "ComplianceCodeDE": "0",
                "isChargeableFLAG": "Y",
                "IsLockedFlag": "N",
                "billingarea": "",
                "ComplianceCodeName": "",
                "divisionde": "0",
                "UserName": "jmedici",
                "VisitNumberEXT": "v201060",
                "ProviderSecondarySpecialty": "Internal Medicine",
                "ReferringProviderName": "",
                "DefaultBillingLocationDE": "0",
                "visittype": " ",
                "ProviderID": "10123",
                "BillingProviderName": "Medicine,James",
                "VisitID": "201060",
                "ChargeSubmitStatus": "No",
                "ReferringProviderID": "0",
                "ProviderNPI": "0000000010",
                "problems": "",
                "appointmentstatus": "",
                "ProviderCode": "0000            ",
                "DefaultBillingLocation": "",
                "department": "",
                "division": "",
                "EncounterTypeCode": "NonAppt   "
            },
            {
                "PerformingProviderID": "10123",
                "appointmenttype": "",
                "EncounterType": "Non-Appointment",
                "ApptNumberEXT": "",
                "ID": "262989",
                "DTTM": "8/30/2021 12:51:00 PM",
                "patientid": "10100",
                "ApptComment": "",
                "BillingAreade": "0",
                "PerformingProviderName": "Medicine, James",
                "ProviderSpecialty": "Family Medicine",
                "ComplianceCodeDE": "0",
                "isChargeableFLAG": "Y",
                "IsLockedFlag": "N",
                "billingarea": "",
                "ComplianceCodeName": "",
                "divisionde": "0",
                "UserName": "jmedici",
                "VisitNumberEXT": "v201053",
                "ProviderSecondarySpecialty": "Internal Medicine",
                "ReferringProviderName": "",
                "DefaultBillingLocationDE": "0",
                "visittype": " ",
                "ProviderID": "10123",
                "BillingProviderName": "Medicine,James",
                "VisitID": "201053",
                "ChargeSubmitStatus": "No",
                "ReferringProviderID": "0",
                "ProviderNPI": "0000000010",
                "problems": "",
                "appointmentstatus": "",
                "ProviderCode": "0000            ",
                "DefaultBillingLocation": "",
                "department": "",
                "division": "",
                "EncounterTypeCode": "NonAppt   "
            },
            {
                "PerformingProviderID": "10123",
                "appointmenttype": "",
                "EncounterType": "Non-Appointment",
                "ApptNumberEXT": "",
                "ID": "262986",
                "DTTM": "8/30/2021 12:28:00 PM",
                "patientid": "10100",
                "ApptComment": "",
                "BillingAreade": "0",
                "PerformingProviderName": "Medicine, James",
                "ProviderSpecialty": "Family Medicine",
                "ComplianceCodeDE": "0",
                "isChargeableFLAG": "Y",
                "IsLockedFlag": "N",
                "billingarea": "",
                "ComplianceCodeName": "",
                "divisionde": "0",
                "UserName": "jmedici",
                "VisitNumberEXT": "v201053",
                "ProviderSecondarySpecialty": "Internal Medicine",
                "ReferringProviderName": "",
                "DefaultBillingLocationDE": "0",
                "visittype": " ",
                "ProviderID": "10123",
                "BillingProviderName": "Medicine,James",
                "VisitID": "201053",
                "ChargeSubmitStatus": "No",
                "ReferringProviderID": "0",
                "ProviderNPI": "0000000010",
                "problems": "",
                "appointmentstatus": "",
                "ProviderCode": "0000            ",
                "DefaultBillingLocation": "",
                "department": "",
                "division": "",
                "EncounterTypeCode": "NonAppt   "
            },
            {
                "PerformingProviderID": "10123",
                "appointmenttype": "",
                "EncounterType": "Non-Appointment",
                "ApptNumberEXT": "",
                "ID": "262996",
                "DTTM": "8/30/2021 1:50:00 AM",
                "patientid": "10100",
                "ApptComment": "",
                "BillingAreade": "0",
                "PerformingProviderName": "Medicine, James",
                "ProviderSpecialty": "Family Medicine",
                "ComplianceCodeDE": "0",
                "isChargeableFLAG": "Y",
                "IsLockedFlag": "N",
                "billingarea": "",
                "ComplianceCodeName": "",
                "divisionde": "0",
                "UserName": "jmedici",
                "VisitNumberEXT": "v201053",
                "ProviderSecondarySpecialty": "Internal Medicine",
                "ReferringProviderName": "",
                "DefaultBillingLocationDE": "0",
                "visittype": " ",
                "ProviderID": "10123",
                "BillingProviderName": "Medicine,James",
                "VisitID": "201053",
                "ChargeSubmitStatus": "No",
                "ReferringProviderID": "0",
                "ProviderNPI": "0000000010",
                "problems": "Z78.9^V49.89",
                "appointmentstatus": "",
                "ProviderCode": "0000            ",
                "DefaultBillingLocation": "",
                "department": "",
                "division": "",
                "EncounterTypeCode": "NonAppt   "
            },
            {
                "PerformingProviderID": "10123",
                "appointmenttype": "",
                "EncounterType": "Chart Update",
                "ApptNumberEXT": "",
                "ID": "262061",
                "DTTM": "8/13/2021 8:00:00 AM",
                "patientid": "10100",
                "ApptComment": "",
                "BillingAreade": "0",
                "PerformingProviderName": "Medicine, James",
                "ProviderSpecialty": "Family Medicine",
                "ComplianceCodeDE": "0",
                "isChargeableFLAG": "Y",
                "IsLockedFlag": "N",
                "billingarea": "",
                "ComplianceCodeName": "",
                "divisionde": "0",
                "UserName": "jmedici",
                "VisitNumberEXT": "v200964",
                "ProviderSecondarySpecialty": "Internal Medicine",
                "ReferringProviderName": "",
                "DefaultBillingLocationDE": "0",
                "visittype": " ",
                "ProviderID": "10123",
                "BillingProviderName": "Medicine,James",
                "VisitID": "200964",
                "ChargeSubmitStatus": "No",
                "ReferringProviderID": "0",
                "ProviderNPI": "0000000010",
                "problems": "",
                "appointmentstatus": "",
                "ProviderCode": "0000            ",
                "DefaultBillingLocation": "",
                "department": "",
                "division": "",
                "EncounterTypeCode": "ChartUpd  "
            },
            {
                "PerformingProviderID": "10123",
                "appointmenttype": "",
                "EncounterType": "Non-Appointment",
                "ApptNumberEXT": "",
                "ID": "261788",
                "DTTM": "8/10/2021 2:38:51 PM",
                "patientid": "10100",
                "ApptComment": "",
                "BillingAreade": "0",
                "PerformingProviderName": "Medicine, James",
                "ProviderSpecialty": "Family Medicine",
                "ComplianceCodeDE": "0",
                "isChargeableFLAG": "Y",
                "IsLockedFlag": "N",
                "billingarea": "",
                "ComplianceCodeName": "",
                "divisionde": "0",
                "UserName": "jmedici",
                "VisitNumberEXT": "v200945",
                "ProviderSecondarySpecialty": "Internal Medicine",
                "ReferringProviderName": "",
                "DefaultBillingLocationDE": "0",
                "visittype": " ",
                "ProviderID": "10123",
                "BillingProviderName": "Medicine,James",
                "VisitID": "200945",
                "ChargeSubmitStatus": "No",
                "ReferringProviderID": "0",
                "ProviderNPI": "0000000010",
                "problems": "",
                "appointmentstatus": "",
                "ProviderCode": "0000            ",
                "DefaultBillingLocation": "",
                "department": "",
                "division": "",
                "EncounterTypeCode": "NonAppt   "
            }
        ]
    }
]