﻿[
    {
        "getencounterlistinfo": [
            {
                "PerformingProviderID": "10123",
                "appointmenttype": "",
                "EncounterType": "Non-Appointment",
                "ApptNumberEXT": "",
                "ID": "299742",
                "DTTM": "5/29/2023 2:14:00 AM",
                "patientid": "40870",
                "ApptComment": "",
                "BillingAreade": "0",
                "PerformingProviderName": "Medicine, James",
                "ProviderSpecialty": "Family Medicine",
                "ComplianceCodeDE": "0",
                "isChargeableFLAG": "Y",
                "IsLockedFlag": "N",
                "billingarea": "",
                "ComplianceCodeName": "",
                "divisionde": "0",
                "UserName": "jmedici",
                "VisitNumberEXT": "v205233",
                "ProviderSecondarySpecialty": "Internal Medicine",
                "ReferringProviderName": "",
                "DefaultBillingLocationDE": "0",
                "visittype": " ",
                "ProviderID": "10123",
                "BillingProviderName": "Medicine,James",
                "VisitID": "205233",
                "ChargeSubmitStatus": "No",
                "ReferringProviderID": "0",
                "ProviderNPI": "1111111111",
                "problems": "",
                "appointmentstatus": "",
                "ProviderCode": "0000            ",
                "DefaultBillingLocation": "",
                "department": "",
                "division": "",
                "EncounterTypeCode": "NonAppt   "
            },
            {
                "PerformingProviderID": "10123",
                "appointmenttype": "",
                "EncounterType": "Non-Appointment",
                "ApptNumberEXT": "",
                "ID": "299521",
                "DTTM": "5/29/2023 1:58:42 AM",
                "patientid": "40870",
                "ApptComment": "",
                "BillingAreade": "0",
                "PerformingProviderName": "Medicine, James",
                "ProviderSpecialty": "Family Medicine",
                "ComplianceCodeDE": "0",
                "isChargeableFLAG": "Y",
                "IsLockedFlag": "N",
                "billingarea": "",
                "ComplianceCodeName": "",
                "divisionde": "0",
                "UserName": "jmedici",
                "VisitNumberEXT": "v205233",
                "ProviderSecondarySpecialty": "Internal Medicine",
                "ReferringProviderName": "",
                "DefaultBillingLocationDE": "0",
                "visittype": " ",
                "ProviderID": "10123",
                "BillingProviderName": "Medicine,James",
                "VisitID": "205233",
                "ChargeSubmitStatus": "No",
                "ReferringProviderID": "0",
                "ProviderNPI": "1111111111",
                "problems": "",
                "appointmentstatus": "",
                "ProviderCode": "0000            ",
                "DefaultBillingLocation": "",
                "department": "",
                "division": "",
                "EncounterTypeCode": "NonAppt   "
            },
            {
                "PerformingProviderID": "10123",
                "appointmenttype": "",
                "EncounterType": "Non-Appointment",
                "ApptNumberEXT": "",
                "ID": "299374",
                "DTTM": "5/17/2023 7:57:20 AM",
                "patientid": "40870",
                "ApptComment": "",
                "BillingAreade": "0",
                "PerformingProviderName": "Medicine, James",
                "ProviderSpecialty": "Family Medicine",
                "ComplianceCodeDE": "0",
                "isChargeableFLAG": "Y",
                "IsLockedFlag": "N",
                "billingarea": "",
                "ComplianceCodeName": "",
                "divisionde": "0",
                "UserName": "jmedici",
                "VisitNumberEXT": "v205169",
                "ProviderSecondarySpecialty": "Internal Medicine",
                "ReferringProviderName": "",
                "DefaultBillingLocationDE": "0",
                "visittype": " ",
                "ProviderID": "10123",
                "BillingProviderName": "Medicine,James",
                "VisitID": "205169",
                "ChargeSubmitStatus": "No",
                "ReferringProviderID": "0",
                "ProviderNPI": "1111111111",
                "problems": "",
                "appointmentstatus": "",
                "ProviderCode": "0000            ",
                "DefaultBillingLocation": "",
                "department": "",
                "division": "",
                "EncounterTypeCode": "NonAppt   "
            },
            {
                "PerformingProviderID": "10123",
                "appointmenttype": "",
                "EncounterType": "IPat Visit",
                "ApptNumberEXT": "",
                "ID": "299228",
                "DTTM": "5/1/2023 3:01:00 PM",
                "patientid": "40870",
                "ApptComment": "",
                "BillingAreade": "0",
                "PerformingProviderName": "Medicine, James",
                "ProviderSpecialty": "Family Medicine",
                "ComplianceCodeDE": "0",
                "isChargeableFLAG": "N",
                "IsLockedFlag": "N",
                "billingarea": "",
                "ComplianceCodeName": "",
                "divisionde": "0",
                "UserName": "jmedici",
                "VisitNumberEXT": "v205101",
                "ProviderSecondarySpecialty": "Internal Medicine",
                "ReferringProviderName": "",
                "DefaultBillingLocationDE": "0",
                "visittype": " ",
                "ProviderID": "10123",
                "BillingProviderName": "Medicine,James",
                "VisitID": "205101",
                "ChargeSubmitStatus": "No",
                "ReferringProviderID": "0",
                "ProviderNPI": "1111111111",
                "problems": "",
                "appointmentstatus": "",
                "ProviderCode": "0000            ",
                "DefaultBillingLocation": "",
                "department": "",
                "division": "",
                "EncounterTypeCode": "iPatVisit "
            },
            {
                "PerformingProviderID": "10123",
                "appointmenttype": "TouchWorks Appointment",
                "EncounterType": "Appointment",
                "ApptNumberEXT": "669812400M325D0000",
                "ID": "298611",
                "DTTM": "3/24/2023 11:00:00 AM",
                "patientid": "40870",
                "ApptComment": "",
                "BillingAreade": "0",
                "PerformingProviderName": "Medicine, James",
                "ProviderSpecialty": "Family Medicine",
                "ComplianceCodeDE": "0",
                "isChargeableFLAG": "Y",
                "IsLockedFlag": "N",
                "billingarea": "",
                "ComplianceCodeName": "",
                "divisionde": "0",
                "UserName": "jmedici",
                "VisitNumberEXT": "669812400M325D0000",
                "ProviderSecondarySpecialty": "Internal Medicine",
                "ReferringProviderName": "",
                "DefaultBillingLocationDE": "2",
                "visittype": " ",
                "ProviderID": "10123",
                "BillingProviderName": "Medicine,James",
                "VisitID": "204798",
                "ChargeSubmitStatus": "No",
                "ReferringProviderID": "0",
                "ProviderNPI": "1111111111",
                "problems": "E55.9^268.9",
                "appointmentstatus": "Arrived",
                "ProviderCode": "0000            ",
                "DefaultBillingLocation": "TouchWorks Clinic",
                "department": " ",
                "division": "",
                "EncounterTypeCode": "2         "
            }
        ]
    }
]