﻿[
    {
        "getencounterlistinfo": [
            {
                "PerformingProviderID": "10123",
                "appointmenttype": "",
                "EncounterType": "Non-Appointment",
                "ApptNumberEXT": "",
                "ID": "299746",
                "DTTM": "5/29/2023 2:14:06 AM",
                "patientid": "40875",
                "ApptComment": "",
                "BillingAreade": "0",
                "PerformingProviderName": "Medicine, James",
                "ProviderSpecialty": "Family Medicine",
                "ComplianceCodeDE": "0",
                "isChargeableFLAG": "Y",
                "IsLockedFlag": "N",
                "billingarea": "",
                "ComplianceCodeName": "",
                "divisionde": "0",
                "UserName": "jmedici",
                "VisitNumberEXT": "v205237",
                "ProviderSecondarySpecialty": "Internal Medicine",
                "ReferringProviderName": "",
                "DefaultBillingLocationDE": "0",
                "visittype": " ",
                "ProviderID": "10123",
                "BillingProviderName": "Medicine,James",
                "VisitID": "205237",
                "ChargeSubmitStatus": "No",
                "ReferringProviderID": "0",
                "ProviderNPI": "1111111111",
                "problems": "",
                "appointmentstatus": "",
                "ProviderCode": "0000            ",
                "DefaultBillingLocation": "",
                "department": "",
                "division": "",
                "EncounterTypeCode": "NonAppt   "
            },
            {
                "PerformingProviderID": "10123",
                "appointmenttype": "",
                "EncounterType": "Non-Appointment",
                "ApptNumberEXT": "",
                "ID": "299525",
                "DTTM": "5/29/2023 1:58:48 AM",
                "patientid": "40875",
                "ApptComment": "",
                "BillingAreade": "0",
                "PerformingProviderName": "Medicine, James",
                "ProviderSpecialty": "Family Medicine",
                "ComplianceCodeDE": "0",
                "isChargeableFLAG": "Y",
                "IsLockedFlag": "N",
                "billingarea": "",
                "ComplianceCodeName": "",
                "divisionde": "0",
                "UserName": "jmedici",
                "VisitNumberEXT": "v205237",
                "ProviderSecondarySpecialty": "Internal Medicine",
                "ReferringProviderName": "",
                "DefaultBillingLocationDE": "0",
                "visittype": " ",
                "ProviderID": "10123",
                "BillingProviderName": "Medicine,James",
                "VisitID": "205237",
                "ChargeSubmitStatus": "No",
                "ReferringProviderID": "0",
                "ProviderNPI": "1111111111",
                "problems": "",
                "appointmentstatus": "",
                "ProviderCode": "0000            ",
                "DefaultBillingLocation": "",
                "department": "",
                "division": "",
                "EncounterTypeCode": "NonAppt   "
            },
            {
                "PerformingProviderID": "10123",
                "appointmenttype": "",
                "EncounterType": "Non-Appointment",
                "ApptNumberEXT": "",
                "ID": "299378",
                "DTTM": "5/17/2023 7:57:25 AM",
                "patientid": "40875",
                "ApptComment": "",
                "BillingAreade": "0",
                "PerformingProviderName": "Medicine, James",
                "ProviderSpecialty": "Family Medicine",
                "ComplianceCodeDE": "0",
                "isChargeableFLAG": "Y",
                "IsLockedFlag": "N",
                "billingarea": "",
                "ComplianceCodeName": "",
                "divisionde": "0",
                "UserName": "jmedici",
                "VisitNumberEXT": "v205173",
                "ProviderSecondarySpecialty": "Internal Medicine",
                "ReferringProviderName": "",
                "DefaultBillingLocationDE": "0",
                "visittype": " ",
                "ProviderID": "10123",
                "BillingProviderName": "Medicine,James",
                "VisitID": "205173",
                "ChargeSubmitStatus": "No",
                "ReferringProviderID": "0",
                "ProviderNPI": "1111111111",
                "problems": "",
                "appointmentstatus": "",
                "ProviderCode": "0000            ",
                "DefaultBillingLocation": "",
                "department": "",
                "division": "",
                "EncounterTypeCode": "NonAppt   "
            },
            {
                "PerformingProviderID": "10123",
                "appointmenttype": "TouchWorks Appointment",
                "EncounterType": "Appointment",
                "ApptNumberEXT": "670248900M325M5000",
                "ID": "298668",
                "DTTM": "3/29/2023 12:15:00 PM",
                "patientid": "40875",
                "ApptComment": "",
                "BillingAreade": "0",
                "PerformingProviderName": "Medicine, James",
                "ProviderSpecialty": "Family Medicine",
                "ComplianceCodeDE": "0",
                "isChargeableFLAG": "Y",
                "IsLockedFlag": "N",
                "billingarea": "",
                "ComplianceCodeName": "",
                "divisionde": "0",
                "UserName": "jmedici",
                "VisitNumberEXT": "670248900M325M5000",
                "ProviderSecondarySpecialty": "Internal Medicine",
                "ReferringProviderName": "",
                "DefaultBillingLocationDE": "2",
                "visittype": " ",
                "ProviderID": "10123",
                "BillingProviderName": "Medicine,James",
                "VisitID": "204837",
                "ChargeSubmitStatus": "No",
                "ReferringProviderID": "0",
                "ProviderNPI": "1111111111",
                "problems": "Z00.00^V70.0",
                "appointmentstatus": "Arrived",
                "ProviderCode": "0000            ",
                "DefaultBillingLocation": "TouchWorks Clinic",
                "department": " ",
                "division": "",
                "EncounterTypeCode": "2         "
            }
        ]
    }
]