﻿[
    {
        "getclinicalsummaryinfo": [
            {
                "XMLDetail": "<extra><result value=\"Negative\" /><result value=\"Negative\" /><orderdate value=\"01-May-2023 4:28 pm\" /><whoby value=\"jmedici\" /><orderedby value=\"jmedici\" /><orderedbyid value=\"10123\" /><orderedbyname value=\"Medicine, James, M.D.\" /><specialtyid value=\"13\" /><specialty value=\"Family Medicine\" /><resultencountertype value=\"IPat Visit\" /><resulttypeid value=\"1553\" /><resulttypename value=\"Serum Antibody Heterophil\" /><encounter value=\"299229\" /><ordertransid value=\"55420400003\" /></extra>",
                "detail": "Negative  N ",
                "code": "1553:169",
                "transid": "55420400007",
                "status": "Resulted",
                "entrycode": "TWMONO:TWMONO",
                "description": "Serum Antibody Heterophil:Monospot",
                "section": "Result",
                "displaydate": "01-May-2023 4:28 pm"
            },
            {
                "XMLDetail": "<extra><result value=\"10000\" /><range value=\"4500-11000\" /><orderdate value=\"28-Apr-2023 1:28 pm\" /><whoby value=\"jmedici\" /><orderedby value=\"jmedici\" /><orderedbyid value=\"10123\" /><orderedbyname value=\"Medicine, James, M.D.\" /><specialtyid value=\"13\" /><specialty value=\"Family Medicine\" /><resultencountertype value=\"Appointment\" /><resulttypeid value=\"1540\" /><resulttypename value=\"CBC With Partial Differential\" /><encounter value=\"299209\" /><ordertransid value=\"55416300135\" /></extra>",
                "detail": "10000  N Range:4500-11000",
                "code": "1540:140",
                "transid": "55416600003",
                "status": "Resulted",
                "entrycode": "TWCBC:TWWBC",
                "description": "CBC With Partial Differential:WBC",
                "section": "Result",
                "displaydate": "28-Apr-2023 1:28 pm"
            },
            {
                "XMLDetail": "<extra><result value=\"4100000\" /><resultnum value=\"4.1e+006\" /><range value=\"4100000-5100000\" /><orderdate value=\"28-Apr-2023 1:28 pm\" /><whoby value=\"jmedici\" /><orderedby value=\"jmedici\" /><orderedbyid value=\"10123\" /><orderedbyname value=\"Medicine, James, M.D.\" /><specialtyid value=\"13\" /><specialty value=\"Family Medicine\" /><resultencountertype value=\"Appointment\" /><resulttypeid value=\"1540\" /><resulttypename value=\"CBC With Partial Differential\" /><encounter value=\"299209\" /><ordertransid value=\"55416300135\" /></extra>",
                "detail": "4100000  N Range:4100000-5100000",
                "code": "1540:139",
                "transid": "55416600009",
                "status": "Resulted",
                "entrycode": "TWCBC:TWRBC",
                "description": "CBC With Partial Differential:RBC",
                "section": "Result",
                "displaydate": "28-Apr-2023 1:28 pm"
            },
            {
                "XMLDetail": "<extra><result value=\"16\" /><units value=\"g/dl\" /><abnormalflag value=\"H\" /><range value=\"12.3-15.3\" /><orderdate value=\"28-Apr-2023 1:28 pm\" /><whoby value=\"jmedici\" /><orderedby value=\"jmedici\" /><orderedbyid value=\"10123\" /><orderedbyname value=\"Medicine, James, M.D.\" /><specialtyid value=\"13\" /><specialty value=\"Family Medicine\" /><resultencountertype value=\"Appointment\" /><resulttypeid value=\"1540\" /><resulttypename value=\"CBC With Partial Differential\" /><encounter value=\"299209\" /><ordertransid value=\"55416300135\" /></extra>",
                "detail": "16 g/dl H Range:12.3-15.3",
                "code": "1540:141",
                "transid": "55416600013",
                "status": "Resulted",
                "entrycode": "TWCBC:TWHEMOGLOB",
                "description": "CBC With Partial Differential:Hemoglobin",
                "section": "Result",
                "displaydate": "28-Apr-2023 1:28 pm"
            },
            {
                "XMLDetail": "<extra><result value=\"30\" /><units value=\"%\" /><abnormalflag value=\"L\" /><range value=\"35.9-44.6\" /><orderdate value=\"28-Apr-2023 1:28 pm\" /><whoby value=\"jmedici\" /><orderedby value=\"jmedici\" /><orderedbyid value=\"10123\" /><orderedbyname value=\"Medicine, James, M.D.\" /><specialtyid value=\"13\" /><specialty value=\"Family Medicine\" /><resultencountertype value=\"Appointment\" /><resulttypeid value=\"1540\" /><resulttypename value=\"CBC With Partial Differential\" /><encounter value=\"299209\" /><ordertransid value=\"55416300135\" /></extra>",
                "detail": "30 % L Range:35.9-44.6",
                "code": "1540:142",
                "transid": "55416600017",
                "status": "Resulted",
                "entrycode": "TWCBC:TWHEMATO",
                "description": "CBC With Partial Differential:Hematocrit",
                "section": "Result",
                "displaydate": "28-Apr-2023 1:28 pm"
            },
            {
                "XMLDetail": "<extra><result value=\"90\" /><units value=\"fL\" /><orderdate value=\"28-Apr-2023 1:28 pm\" /><whoby value=\"jmedici\" /><orderedby value=\"jmedici\" /><orderedbyid value=\"10123\" /><orderedbyname value=\"Medicine, James, M.D.\" /><specialtyid value=\"13\" /><specialty value=\"Family Medicine\" /><resultencountertype value=\"Appointment\" /><resulttypeid value=\"1540\" /><resulttypename value=\"CBC With Partial Differential\" /><encounter value=\"299209\" /><ordertransid value=\"55416300135\" /></extra>",
                "detail": "90 fL N ",
                "code": "1540:143",
                "transid": "55416600021",
                "status": "Resulted",
                "entrycode": "TWCBC:TWMCV",
                "description": "CBC With Partial Differential:MCV",
                "section": "Result",
                "displaydate": "28-Apr-2023 1:28 pm"
            },
            {
                "XMLDetail": "<extra><result value=\"30\" /><units value=\"pg\" /><range value=\"27-33\" /><orderdate value=\"28-Apr-2023 1:28 pm\" /><whoby value=\"jmedici\" /><orderedby value=\"jmedici\" /><orderedbyid value=\"10123\" /><orderedbyname value=\"Medicine, James, M.D.\" /><specialtyid value=\"13\" /><specialty value=\"Family Medicine\" /><resultencountertype value=\"Appointment\" /><resulttypeid value=\"1540\" /><resulttypename value=\"CBC With Partial Differential\" /><encounter value=\"299209\" /><ordertransid value=\"55416300135\" /></extra>",
                "detail": "30 pg N Range:27-33",
                "code": "1540:144",
                "transid": "55416600025",
                "status": "Resulted",
                "entrycode": "TWCBC:TWMCH",
                "description": "CBC With Partial Differential:MCH",
                "section": "Result",
                "displaydate": "28-Apr-2023 1:28 pm"
            },
            {
                "XMLDetail": "<extra><result value=\"34\" /><units value=\"g/dl\" /><range value=\"33.4-35.5\" /><orderdate value=\"28-Apr-2023 1:28 pm\" /><whoby value=\"jmedici\" /><orderedby value=\"jmedici\" /><orderedbyid value=\"10123\" /><orderedbyname value=\"Medicine, James, M.D.\" /><specialtyid value=\"13\" /><specialty value=\"Family Medicine\" /><resultencountertype value=\"Appointment\" /><resulttypeid value=\"1540\" /><resulttypename value=\"CBC With Partial Differential\" /><encounter value=\"299209\" /><ordertransid value=\"55416300135\" /></extra>",
                "detail": "34 g/dl N Range:33.4-35.5",
                "code": "1540:145",
                "transid": "55416600029",
                "status": "Resulted",
                "entrycode": "TWCBC:TWMCHC",
                "description": "CBC With Partial Differential:MCHC",
                "section": "Result",
                "displaydate": "28-Apr-2023 1:28 pm"
            },
            {
                "XMLDetail": "<extra><result value=\"13\" /><units value=\"%\" /><range value=\"11.8-14.5%\" /><orderdate value=\"28-Apr-2023 1:28 pm\" /><whoby value=\"jmedici\" /><orderedby value=\"jmedici\" /><orderedbyid value=\"10123\" /><orderedbyname value=\"Medicine, James, M.D.\" /><specialtyid value=\"13\" /><specialty value=\"Family Medicine\" /><resultencountertype value=\"Appointment\" /><resulttypeid value=\"1540\" /><resulttypename value=\"CBC With Partial Differential\" /><encounter value=\"299209\" /><ordertransid value=\"55416300135\" /></extra>",
                "detail": "13 % N Range:11.8-14.5%",
                "code": "1540:146",
                "transid": "55416600033",
                "status": "Resulted",
                "entrycode": "TWCBC:TWRDW",
                "description": "CBC With Partial Differential:RDW",
                "section": "Result",
                "displaydate": "28-Apr-2023 1:28 pm"
            },
            {
                "XMLDetail": "<extra><result value=\"2\" /><orderdate value=\"28-Apr-2023 1:28 pm\" /><whoby value=\"jmedici\" /><orderedby value=\"jmedici\" /><orderedbyid value=\"10123\" /><orderedbyname value=\"Medicine, James, M.D.\" /><specialtyid value=\"13\" /><specialty value=\"Family Medicine\" /><resultencountertype value=\"Appointment\" /><resulttypeid value=\"1540\" /><resulttypename value=\"CBC With Partial Differential\" /><encounter value=\"299209\" /><ordertransid value=\"55416300135\" /></extra>",
                "detail": "2  N ",
                "code": "1540:147",
                "transid": "55416600037",
                "status": "Resulted",
                "entrycode": "TWCBC:TWHDW",
                "description": "CBC With Partial Differential:HDW",
                "section": "Result",
                "displaydate": "28-Apr-2023 1:28 pm"
            },
            {
                "XMLDetail": "<extra><result value=\"100000\" /><abnormalflag value=\"L\" /><range value=\"150000-450000\" /><orderdate value=\"28-Apr-2023 1:28 pm\" /><whoby value=\"jmedici\" /><orderedby value=\"jmedici\" /><orderedbyid value=\"10123\" /><orderedbyname value=\"Medicine, James, M.D.\" /><specialtyid value=\"13\" /><specialty value=\"Family Medicine\" /><resultencountertype value=\"Appointment\" /><resulttypeid value=\"1540\" /><resulttypename value=\"CBC With Partial Differential\" /><encounter value=\"299209\" /><ordertransid value=\"55416300135\" /></extra>",
                "detail": "100000  L Range:150000-450000",
                "code": "1540:148",
                "transid": "55416600041",
                "status": "Resulted",
                "entrycode": "TWCBC:TWPLATE",
                "description": "CBC With Partial Differential:Platelet Count",
                "section": "Result",
                "displaydate": "28-Apr-2023 1:28 pm"
            },
            {
                "XMLDetail": "<extra><result value=\"8\" /><range value=\"7-12\" /><orderdate value=\"28-Apr-2023 1:28 pm\" /><whoby value=\"jmedici\" /><orderedby value=\"jmedici\" /><orderedbyid value=\"10123\" /><orderedbyname value=\"Medicine, James, M.D.\" /><specialtyid value=\"13\" /><specialty value=\"Family Medicine\" /><resultencountertype value=\"Appointment\" /><resulttypeid value=\"1540\" /><resulttypename value=\"CBC With Partial Differential\" /><encounter value=\"299209\" /><ordertransid value=\"55416300135\" /></extra>",
                "detail": "8  N Range:7-12",
                "code": "1540:149",
                "transid": "55416600045",
                "status": "Resulted",
                "entrycode": "TWCBC:TWMPV",
                "description": "CBC With Partial Differential:MPV",
                "section": "Result",
                "displaydate": "28-Apr-2023 1:28 pm"
            }
        ]
    }
]