﻿[
  {
    "getclinicalsummaryinfo": [
      {
        "XMLDetail": "<extra><NDC value=\"69238148901 \" /><medication value=\"Bumetanide\" /><startdate value=\"14 Dec 2022\" /><recorded value=\"14 Dec 2022\" /><rxnormcode value=\"197417\" /><dispense value=\"5 Days; #5 Tablet\" /><quantity value=\"5\" /><days value=\"5\" /><form value=\"Tablet\" /><refills value=\"0\" /><GPI value=\"37200010000305\" /><prescribedby value=\"twprovider\" /><managedby value=\"jmedici\" /><encounter value=\"286586\" /><sig value=\"TAKE 1 TABLET ONCE DAILY.\" /><dose value=\"1\" /><dosefrequency value=\"Daily\" /><rxcommunicatedby value=\"Record\" /><strength value=\"0.5\" /><form value=\"TABS\" /><unitofmeasure value=\"MG\" /><filldate value=\"14 Dec 2022|\" /></extra>",
        "detail": "#5 Tablet, TAKE 1 TABLET ONCE DAILY., NO REFILLS, Evaluate: 19-Dec-2022",
        "code": "26325",
        "transid": "53694200005",
        "status": "Active",
        "entrycode": "25476",
        "description": "Bumetanide 0.5 MG Oral Tablet",
        "section": "medications",
        "displaydate": "04-Dec-2022"
      }
    ]
  }
]