﻿{
  "APIStatus": {
    "StatusCode": "1",
    "Status": "Success",
    "StatusMessage": "Messages retrieved"
  },
  "Messages": [
    {
      "PatientTimeZone": "America/Chicago",
      "MessageBody": "Refills have been requested for the following medications:\n\n    Verapamil HCl CR 240 MG oral Tab CR [Robert M Turner]\n    Patient Comment: Please refill this medication and I will pick up at the pharmacy. \n\nPreferred pharmacy: KELSEY PHARMACY-MAIN - HOUSTON, TX - 2727 W HOLCOMBE B1\n",
      "CSN": "3747",
      "Status": "3 - Pend",
      "MessageSource": "Pharmacy",
      "MsgSubmittedInstant": "2023-11-08T14:55:00",
      "IsPregnant": false,
      "EOWID": "12345",
      "MessageType": "Rx Auth [32]",
      "DefaultPool": "STAFF [1]",
      "PatientCommPref": "Email",
      "MCUserID": "50",
      "PtEmail": "optumpimproject1@gmail.com",
      "IsBreastFeeding": true,
      "StatusNote": "Success",
      "Patient": {
        "PatientID": "PIMS-Hypertension-Patient2",
        "MRN": "PIMS-Hypertension-Patient2",
        "EnterpriseID": "E7699843",
        "FHIRID": "eO64FFnPOLNlxZ95DdfRwsB3",
        "Name": "John, Doe"
      },

      "PendedOrders": [
        {
          "OrdID": "44983375",
          "MedName": "clonidine hydrochloride 0.3 MG Oral Tablet",
          "PharmacyName": "KELSEY PHARMACY-MAIN",
          "Dosage": "240 MG",
          "Quantity": "30 tablet",
          "SIG": "Take 1 tablet (240 mg total) by mouth nightly.",
          "SupplyDuration": "90 days",
          "ExpireDate": "2024-03-31T04:42:37",
          "SameServiceMed": "yes",
          "MedID": "884189",
          "OrderEncounterCSN": "3747",
          "NumRefillsRemaining": "10",
          "DeptSpecialty": "Family Medicine",
          "IsSameDept": false,
          "PtComment": "Refills have been requested for the following medications: clonidine hydrochloride 0.3 MG Oral Tablet [Anna Lizza Siasoco]",
          "PharmacyAddress": "2727 W Holcombe B1, Houston TX 77025",
          "NumRefillsAllowed": "10",
          "ActiveAuthProvider": {
            "ProviderID": "1080",
            "ProviderName": "TURNER, ROBERT",
            "ProviderSpecialties": "Family Medicine"
          },
          "ActiveOrder": {
            "OrdID": "55891530",
            "NumRefillsAllowed": "10",
            "SupplyDuration": "90 days",
            "OrderInstant": "2024-03-31T04:42:37",
            "OrderEndDate": "2024-03-31T04:42:37",
            "OrderEndDateGT30Days": "2023-03-31T04:42:37",
            "Order90Days": "yes",
            "NumRefillsRemaining": "1"
          },
          "ActiveDepartment": {
            "DepartmentID": "10390110",
            "DepartmentName": "MC FAMILY MEDICINE",
            "DepartmentSpecialty": "Family Medicine"
          },
          "PendAuthProvider": {
            "ProviderID": "1022",
            "ProviderName": "Brian Pultz",
            "ProviderSpecialties": "Family Medicine"
          }
        }
        //{
        //  "ordID": "54983375",
        //  "MedName": "clonidine hydrochloride 0.3 MG Oral Tablet",
        //  "PharmacyName": "KELSEY PHARMACY-MAIN",
        //  "Dosage": "240 MG",
        //  "Quantity": "30 tablet",
        //  "SIG": "Take 1 tablet (240 mg total) by mouth nightly.",
        //  "SupplyDuration": "90 days",
        //  "ExpireDate": "",
        //  "SameServiceMed": "Yes",
        //  "MedID": "884189",
        //  "OrderEncounterCSN": "3747",
        //  "NumRefillsRemaining": "0",
        //  "DeptSpecialty": "Family Medicine",
        //  "IsSameDept": false,
        //  "PtComment": "Refills have been requested for the following medications: clonidine hydrochloride 0.3 MG Oral Tablet [Anna Lizza Siasoco]",
        //  "PharmacyAddress": "2727 W Holcombe B1, Houston TX 77025",
        //  "NumRefillsAllowed": "0",
        //  "ActiveAuthProvider": {
        //    "ProviderID": "1080",
        //    "ProviderName": "TURNER, ROBERT",
        //    "ProviderSpecialties": "Family Medicine"
        //  },
        //  "ActiveOrder": {
        //    "OrdID": "55891530",
        //    "NumRefillsAllowed": "10",
        //    "SupplyDuration": "90 days",
        //    "OrderInstant": "11/8/2023  2:55 PM",
        //    "OrderEndDate": "2024-03-31T04:42:37",
        //    "OrderEndDateGT30Days": "2023-03-31T04:42:37",
        //    "Order90Days": "",
        //    "NumRefillsRemaining": "10"
        //  },
        //  "ActiveDepartment": {
        //    "DepartmentID": "10390110",
        //    "DepartmentName": "MC FAMILY MEDICINE",
        //    "DepartmentSpecialty": "Family Medicine"
        //  },
        //  "PendAuthProvider": {
        //    "ProviderID": "1022",
        //    "ProviderName": "Brian Pultz",
        //    "ProviderSpecialties": "Family Medicine"
        //  }
        //}
      ]
    }
  ]
}
