﻿[
    {
        "getpatientinfo": [
            {
                "mrn": "230320130526587",
                "CellPhone": "",
                "DirectiveDE": "0",
                "MailingZipCodeInternational": "",
                "MailingCity": "",
                "Post": "",
                "Bureau": "",
                "ExtMedHxConsentStatusLastUpdateByID": "10123",
                "CellPhoneInternational": "",
                "DirectiveDescription": "",
                "Firstname": "Mei-shin",
                "City": "Minneapolis",
                "State": "MN",
                "middlename": "",
                "LastName": "Du",
                "ExtMedHxConsentStatusLastUpdateByName": "Medicine, James",
                "BirthSex": "Female",
                "PatientLocation": "",
                "SexualOrientation": "Unknown",
                "EmploymentType": "",
                "JobTitle": "",
                "ZipCode": "55111     ",
                "PhysLastName": "Allscripts",
                "MailingCountry": "",
                "MailingState": "",
                "Alias": "",
                "isLocalPtFLAG": "N",
                "ZipCodeInternational": "              ",
                "WorkPhoneInternational": "",
                "OnClinicalTrialFlag": "N",
                "MaritalStatus": "Single",
                "HomePhoneInternational": "",
                "Country": "",
                "Ethnicity": "Not Hispanic or Latino",
                "BureauDE": "0",
                "MailingAddressLine1": "No Mailing Address",
                "ID": "40870",
                "JobTitleDE": "0",
                "genericattribute": "",
                "gender": "Female",
                "MailingAddressLine2": "",
                "Race": "Asian|Taiwanese",
                "IsSensitiveHealth": "N",
                "allmrn": "3|230320130526587^",
                "MailingZipeCode": "",
                "othernumber": "",
                "WorkPhone": "",
                "base64image": "",
                "DirectiveInstructions": "",
                "ExtMedHxConsentStatus": "Granted",
                "enterprisemrn": "230320130526587",
                "ssn": "           ",
                "othernumber2": "",
                "Guarantor": "",
                "MailingCounty": "",
                "PreferredPronoun": "Female",
                "PhoneNumber": "",
                "Email": "",
                "fmhpatient": "No",
                "AddressLine2": "Apt 44",
                "age": "11y9m",
                "nextappointment": "No next appointment has been scheduled",
                "PhysFirstName": "Family Medicine",
                "PostDE": "0",
                "AgeDec": "11.825",
                "previousappointment": "Last Appointment: 24-Mar-2023 11:00 am with Medicine, James, ",
                "IsInactiveFLAG": "N",
                "MailingSupplementalAddress": "",
                "Agency": "",
                "AgencyDE": "0",
                "patientorg": "3",
                "County": "",
                "PhysUserName": "twfmprov",
                "SupplementalAddress": "",
                "GenderIdentity": "Female",
                "PhysPhone": "",
                "HomePhone": "",
                "haswip": "n",
                "Language": " ",
                "PrimaryInsurance": "Allscripts Insurance",
                "dateofbirth": "08-Aug-2011",
                "EmploymentTypeDE": "0",
                "PatientXID": "",
                "SexNormalized": "F",
                "Addressline1": "1986 Washington Ave",
                "ExtMedHxConsentStatusLastUpdateDTTM": "4/6/2023 3:09:27 PM"
            }
        ]
    }
]