﻿[
    {
        "getpatientinfo": [
            {
                "mrn": "200127161435163",
                "CellPhone": "",
                "DirectiveDE": "0",
                "MailingZipCodeInternational": "",
                "MailingCity": "",
                "Post": "",
                "Bureau": "",
                "ExtMedHxConsentStatusLastUpdateByID": "10123",
                "CellPhoneInternational": "",
                "DirectiveDescription": "",
                "Firstname": "Frank",
                "City": "Raleighwood",
                "State": "NC",
                "middlename": "",
                "LastName": "Hone",
                "ExtMedHxConsentStatusLastUpdateByName": "Medicine, James",
                "BirthSex": "Female",
                "PatientLocation": "",
                "SexualOrientation": "Heterosexual",
                "EmploymentType": "",
                "JobTitle": "",
                "ZipCode": "27615     ",
                "PhysLastName": "Allscripts",
                "MailingCountry": "",
                "MailingState": "",
                "Alias": "",
                "isLocalPtFLAG": "N",
                "ZipCodeInternational": "              ",
                "WorkPhoneInternational": "",
                "OnClinicalTrialFlag": "N",
                "MaritalStatus": "Married",
                "HomePhoneInternational": "",
                "Country": "Mars",
                "Ethnicity": "",
                "BureauDE": "0",
                "MailingAddressLine1": "No Mailing Address",
                "ID": "10100",
                "JobTitleDE": "0",
                "genericattribute": "",
                "gender": "Male",
                "MailingAddressLine2": "",
                "Race": " ",
                "IsSensitiveHealth": "N",
                "allmrn": "3|200127161435163^",
                "MailingZipeCode": "",
                "othernumber": "",
                "WorkPhone": "(819) 787-9899 (W)",
                "base64image": "",
                "DirectiveInstructions": "",
                "ExtMedHxConsentStatus": "Granted",
                "enterprisemrn": "200127161435163",
                "ssn": "989894545  ",
                "othernumber2": "",
                "Guarantor": "",
                "MailingCounty": "",
                "PreferredPronoun": "Male",
                "PhoneNumber": "(819) 787-9898 (H)",
                "Email": "",
                "fmhpatient": "No",
                "AddressLine2": "",
                "age": "25y",
                "nextappointment": "No next appointment has been scheduled",
                "PhysFirstName": "Family Medicine",
                "PostDE": "0",
                "AgeDec": "25.352",
                "previousappointment": "Last Appointment: 03-Jan-2023 11:00 am with Medicine, James, ",
                "IsInactiveFLAG": "N",
                "MailingSupplementalAddress": "",
                "Agency": "",
                "AgencyDE": "0",
                "patientorg": "3",
                "County": "wake",
                "PhysUserName": "twfmprov",
                "SupplementalAddress": "",
                "GenderIdentity": "Male",
                "PhysPhone": "",
                "HomePhone": "(819) 787-9898 (H)",
                "haswip": "n",
                "Language": " ",
                "PrimaryInsurance": "Allscripts Insurance",
                "dateofbirth": "27-Jan-1998",
                "EmploymentTypeDE": "0",
                "PatientXID": "",
                "SexNormalized": "M",
                "Addressline1": "1717 Mocking Bird Lane",
                "ExtMedHxConsentStatusLastUpdateDTTM": "8/5/2020 6:53:56 PM"
            }
        ]
    }
]