﻿[
    {
        "getpatientinfo": [
            {
                "mrn": "230329144259213",
                "CellPhone": "",
                "DirectiveDE": "0",
                "MailingZipCodeInternational": "",
                "MailingCity": "",
                "Post": "",
                "Bureau": "",
                "ExtMedHxConsentStatusLastUpdateByID": "10123",
                "CellPhoneInternational": "",
                "DirectiveDescription": "",
                "Firstname": "Rosie",
                "City": "Fridley",
                "State": "MN",
                "middlename": "",
                "LastName": "Moon",
                "ExtMedHxConsentStatusLastUpdateByName": "Medicine, James",
                "BirthSex": "Female",
                "PatientLocation": "",
                "SexualOrientation": "Unknown",
                "EmploymentType": "",
                "JobTitle": "",
                "ZipCode": "55421     ",
                "PhysLastName": "Medicine",
                "MailingCountry": "",
                "MailingState": "",
                "Alias": "",
                "isLocalPtFLAG": "N",
                "ZipCodeInternational": "              ",
                "WorkPhoneInternational": "",
                "OnClinicalTrialFlag": "N",
                "MaritalStatus": "Single",
                "HomePhoneInternational": "",
                "Country": "United States",
                "Ethnicity": "Hispanic or Latino|Puerto Rican",
                "BureauDE": "0",
                "MailingAddressLine1": "No Mailing Address",
                "ID": "40875",
                "JobTitleDE": "0",
                "genericattribute": "",
                "gender": "Female",
                "MailingAddressLine2": "",
                "Race": "Black or African American|White",
                "IsSensitiveHealth": "N",
                "allmrn": "3|230329144259213^",
                "MailingZipeCode": "",
                "othernumber": "",
                "WorkPhone": "",
                "base64image": "",
                "DirectiveInstructions": "",
                "ExtMedHxConsentStatus": "Granted",
                "enterprisemrn": "230329144259213",
                "ssn": "           ",
                "othernumber2": "",
                "Guarantor": "",
                "MailingCounty": "",
                "PreferredPronoun": "Female",
                "PhoneNumber": "(555) 867-5308 (H)",
                "Email": "",
                "fmhpatient": "No",
                "AddressLine2": "",
                "age": "47y",
                "nextappointment": "No next appointment has been scheduled",
                "PhysFirstName": "James",
                "PostDE": "0",
                "AgeDec": "47.244",
                "previousappointment": "Last Appointment: 29-Mar-2023 12:15 pm with Medicine, James, ",
                "IsInactiveFLAG": "N",
                "MailingSupplementalAddress": "",
                "Agency": "",
                "AgencyDE": "0",
                "patientorg": "3",
                "County": "Anoka",
                "PhysUserName": "jmedici",
                "SupplementalAddress": "",
                "GenderIdentity": "Female",
                "PhysPhone": "",
                "HomePhone": "(555) 867-5308 (H)",
                "haswip": "n",
                "Language": " ",
                "PrimaryInsurance": "No Primary Insurance",
                "dateofbirth": "07-Mar-1976",
                "EmploymentTypeDE": "0",
                "PatientXID": "",
                "SexNormalized": "F",
                "Addressline1": "718 Gladstone St",
                "ExtMedHxConsentStatusLastUpdateDTTM": "4/6/2023 3:11:11 PM"
            }
        ]
    }
]